name,slug,description,assets,facets,optionGroups,optionValues,sku,price,taxCategory,stockOnHand,trackInventory,variantAssets,variantFacets,product:personalisationLabel,product:personalisationHelper,product:personalisationMaxLength
New Year Cookie Box,spring-blessings-box,"A compact Chinese New Year box for visiting family and friends. Three kinds of festive cookies and a tin of loose-leaf tea, packed in a keepsake box with a greeting card.",https://images.unsplash.com/photo-1646552808271-6f115d107d3a?w=1600&q=80&fm=jpg|https://images.unsplash.com/photo-1646552807781-f54da509694b?w=1600&q=80&fm=jpg|https://images.unsplash.com/photo-1646552807784-62d41342ed2b?w=1600&q=80&fm=jpg,category:Festive Collection|festival:Chinese New Year,,,spring-blessings-box,188,standard,20,true,,,,,20
Mandarin Basket,golden-harvest-basket,"Mandarin oranges are a traditional symbol of good fortune during Chinese New Year. This basket pairs hand-selected mandarins with festive snacks and a greeting card, ready to present at the door.",https://images.unsplash.com/photo-1739194345985-314863311079?w=1600&q=80&fm=jpg|https://images.unsplash.com/photo-1576181177940-cb8592693079?w=1600&q=80&fm=jpg,category:Festive Collection|festival:Chinese New Year,,,golden-harvest-basket,288,standard,0,true,,,,,20
Reunion Tea Box,reunion-tea-box,"Built around tea for the reunion table: pressed pu'er tea, a pair of porcelain cups and festive sweets. Choose the gift box with red wine to add a bottle to the box.",https://images.unsplash.com/photo-1613573488098-1a0dfabce056?w=1600&q=80&fm=jpg|https://images.unsplash.com/photo-1682611512011-cf2c9dae82a4?w=1600&q=80&fm=jpg|https://images.unsplash.com/photo-1710444684027-efc6a67aa468?w=1600&q=80&fm=jpg,category:Festive Collection|festival:Chinese New Year,Version,Tea edition,reunion-tea-box--standard,388,standard,20,true,,,,,20
,,,,,,With red wine,reunion-tea-box--wine,988,standard,20,true,,alcohol:Contains alcohol,,,
Prosperity Box,prosperity-box,"A generous Chinese New Year box for close family and valued clients. Festive delicacies, tea and fresh mandarins, with the option to add champagne or single malt whisky.",https://images.unsplash.com/photo-1580524764788-08f860f58f50?w=1600&q=80&fm=jpg|https://images.unsplash.com/photo-1580524765545-f159d96bb9a9?w=1600&q=80&fm=jpg|https://images.unsplash.com/photo-1580524764780-5d32f5bceebd?w=1600&q=80&fm=jpg,category:Festive Collection|festival:Chinese New Year,Version,Classic,prosperity-box--standard,588,standard,20,true,,,,,20
,,,,,,With champagne,prosperity-box--champagne,1188,standard,20,true,,alcohol:Contains alcohol,,,
,,,,,,With single malt whisky,prosperity-box--whisky,1288,standard,20,true,,alcohol:Contains alcohol,,,
Grand Prosperity Hamper,grand-prosperity-hamper,"Our most complete Chinese New Year hamper, intended for senior clients and family elders. It brings together premium delicacies, tea, fresh fruit and a bottle of cognac.",images/grand-prosperity-hamper-hero-v1.webp|images/grand-prosperity-hamper-open-v1.webp|images/grand-prosperity-hamper-detail-v1.webp,category:Festive Collection|festival:Chinese New Year|alcohol:Contains alcohol,,,grand-prosperity-hamper,2388,standard,5,true,,,,,20
Raya Dates Box,raya-dates-collection,A Hari Raya gift for open-house visits: three varieties of dates presented in turned wooden cups. This box contains no alcohol.,https://images.unsplash.com/photo-1663505305791-87f2248df4ae?w=1600&q=80&fm=jpg|https://images.unsplash.com/photo-1663505305557-53be07c5b810?w=1600&q=80&fm=jpg,category:Festive Collection|festival:Hari Raya,,,raya-dates-collection,188,standard,20,true,,,,,20
Raya Open House Hamper,raya-open-house-hamper,"A fuller Hari Raya hamper to share at the open house: dates, festive cookies, dried fruit and tea. This hamper contains no alcohol.",https://images.unsplash.com/photo-1629738601425-494c3d6ba3e2?w=1600&q=80&fm=jpg|https://images.unsplash.com/photo-1649335889120-4084d7456c7c?w=1600&q=80&fm=jpg,category:Festive Collection|festival:Hari Raya,,,raya-open-house-hamper,388,standard,20,true,,,,,20
Mooncake Box,moonlight-mooncake-box,"Four baked mooncakes in lotus and red bean paste, paired with a tin of tea. Available during the Mid-Autumn season.",https://images.unsplash.com/photo-1787310886226-f4d273c50081?w=1600&q=80&fm=jpg|https://images.unsplash.com/photo-1787310883637-aa2875fc3f24?w=1600&q=80&fm=jpg|https://images.unsplash.com/photo-1787310886514-01f1e7664721?w=1600&q=80&fm=jpg,category:Festive Collection|festival:Mid-Autumn Festival,,,moonlight-mooncake-box,288,standard,0,true,,,,,20
Mid-Autumn Tea Pairing,mid-autumn-tea-pairing,Snow-skin and baked mooncakes with a ceramic cup and two teas. Available during the Mid-Autumn season.,https://images.unsplash.com/photo-1630859288268-d11728472a25?w=1600&q=80&fm=jpg|https://images.unsplash.com/photo-1630859311469-289b6a574bdc?w=1600&q=80&fm=jpg|https://images.unsplash.com/photo-1630859381777-a731e958dc2b?w=1600&q=80&fm=jpg,category:Festive Collection|festival:Mid-Autumn Festival,,,mid-autumn-tea-pairing,388,standard,0,true,,,,,20
Dragon Boat Dumpling Box,dragon-boat-dumpling-box,"Hand-wrapped rice dumplings with savoury and sweet fillings, packed for the Dragon Boat Festival.",https://images.unsplash.com/photo-1781873605812-3cea8bb65de8?w=1600&q=80&fm=jpg|https://images.unsplash.com/photo-1590330813083-fc22d4b6a48c?w=1600&q=80&fm=jpg,category:Festive Collection|festival:Dragon Boat Festival,,,dragon-boat-dumpling-box,188,standard,0,true,,,,,20
Tea Ceremony Set,tea-ceremony-set,"A complete set for brewing loose-leaf tea at home or in the office: a small clay teapot, two porcelain cups on saucers and a tin of oolong.",https://images.unsplash.com/photo-1532136868905-8094ef8ef5f2?w=1600&q=80&fm=jpg|https://images.unsplash.com/photo-1550826679-1b8ba79f1c18?w=1600&q=80&fm=jpg|https://images.unsplash.com/photo-1548386581-23b700b33be0?w=1600&q=80&fm=jpg,category:Fixed Gift Collection,,,tea-ceremony-set,328,standard,20,true,,,,,20
Engraved Crystal Tumblers,engraved-crystal-tumblers,"A pair of heavy, cut-crystal tumblers for whisky or water. Add a name or short message and we will engrave it on both glasses.",https://images.unsplash.com/photo-1581072338563-90d2a8e7b0d0?w=1600&q=80&fm=jpg|https://images.unsplash.com/photo-1757694906024-ba227d0468ed?w=1600&q=80&fm=jpg,category:Fixed Gift Collection,,,engraved-crystal-tumblers,268,standard,20,true,,,Engraved name,Engraved on both glasses.,20
Leather Journal,leather-journal,A refillable wrap journal in full-grain leather that softens with use. Add a name to be engraved on the front cover.,https://images.unsplash.com/photo-1583341655648-78bdf4ed6d13?w=1600&q=80&fm=jpg,category:Fixed Gift Collection,,,leather-journal,198,standard,20,true,,,Name on cover,Engraved on the front cover.,16
Engraved Keepsake Box,engraved-keepsake-box,"A solid wood box with a sliding lid, for keepsakes, letters or small treasures. Add a name, date or short message to be engraved on the lid.",https://images.unsplash.com/photo-1646645766793-25e5ffa020e9?w=1600&q=80&fm=jpg|https://images.unsplash.com/photo-1647541706970-8e530dedc02c?w=1600&q=80&fm=jpg,category:Fixed Gift Collection,,,engraved-keepsake-box,288,standard,20,true,,,Engraving on lid,"A name, date or short message.",24
Notebook & Pen Set,notebook-and-pen-set,A linen-bound notebook paired with a weighted brass pen. The pen can be engraved with a name.,https://images.unsplash.com/photo-1654542645651-5196f4931cd6?w=1600&q=80&fm=jpg|https://images.unsplash.com/photo-1612907527100-f02bb2b26b1d?w=1600&q=80&fm=jpg|https://images.unsplash.com/photo-1672611492365-286b9bb1c2db?w=1600&q=80&fm=jpg,category:Fixed Gift Collection,,,notebook-and-pen-set,168,standard,20,true,,,Name on pen,Engraved along the pen barrel.,18
Artisan Chocolate Box,artisan-chocolate-box,"Twenty-four handmade chocolates and pralines in an assortment of dark, milk and white chocolate.",https://images.unsplash.com/photo-1687795097254-f019f9d7fd17?w=1600&q=80&fm=jpg|https://images.unsplash.com/photo-1548741487-18d363dc4469?w=1600&q=80&fm=jpg,category:Fixed Gift Collection,,,artisan-chocolate-box,158,standard,20,true,,,,,20
Coffee Gift Set,coffee-gift-set,Two single-origin coffees roasted in small batches. Choose whole bean or ground for filter brewing.,https://images.unsplash.com/photo-1669296667524-906d519cbe3e?w=1600&q=80&fm=jpg|https://images.unsplash.com/photo-1694763768576-0c7c3af6a4d8?w=1600&q=80&fm=jpg,category:Fixed Gift Collection,Option,Whole bean,coffee-gift-set--whole-bean,138,standard,20,true,,,,,20
,,,,,,Ground for filter,coffee-gift-set--ground,138,standard,20,true,,,,,
Classic Red Wine Gift Box,classic-red,"A gift box built around a medium-bodied red blend with soft tannins — a good match for roast meats, mushrooms and aged cheese.",https://images.unsplash.com/photo-1697115355209-46e7bce340fb?w=1600&q=80&fm=jpg|https://images.unsplash.com/photo-1697115355152-e0a3a380f387?w=1600&q=80&fm=jpg|https://images.unsplash.com/photo-1697115355157-c95fbd5250fd?w=1600&q=80&fm=jpg,category:Wine Gift Boxes|alcohol:Contains alcohol,,,classic-red,168,standard,12,true,,,,,20
Reserve Red Wine Gift Box,reserve-red,"A gift box with a full-bodied red aged in oak, with dark fruit and a long finish. Decant for 30 minutes before serving.",https://images.unsplash.com/photo-1700893417238-ce7c7f427996?w=1600&q=80&fm=jpg|https://images.unsplash.com/photo-1700893417216-44e85c0a77d7?w=1600&q=80&fm=jpg,category:Wine Gift Boxes|alcohol:Contains alcohol,,,reserve-red,288,standard,12,true,,,,,20
Dry White Wine Gift Box,crisp-white,"A gift box with a dry, fresh white showing citrus and stone fruit. Serve well chilled with seafood and light dishes.",https://images.unsplash.com/photo-1611571940159-425a28706d6f?w=1600&q=80&fm=jpg,category:Wine Gift Boxes|alcohol:Contains alcohol,,,crisp-white,148,standard,12,true,,,,,20
Wine Duo Gift Set,wine-duo-gift-set,"One red and one white wine, chosen to be opened together at dinner. Presented side by side in a two-bottle gift box.",https://images.unsplash.com/photo-1695634580461-e0c36a2df4f0?w=1600&q=80&fm=jpg|https://images.unsplash.com/photo-1695634580213-c384a6201eee?w=1600&q=80&fm=jpg|https://images.unsplash.com/photo-1695634580282-4aeca01aeb57?w=1600&q=80&fm=jpg,category:Wine Gift Boxes|alcohol:Contains alcohol,,,wine-duo-gift-set,318,standard,12,true,,,,,20
Champagne Gift Box,brut-champagne,"A celebration gift box with a non-vintage Brut champagne — fine bubbles and a fresh, dry finish, for toasts.",https://images.unsplash.com/photo-1609499735227-b43d645c2a54?w=1600&q=80&fm=jpg|https://images.unsplash.com/photo-1609516142756-7ecef85e76a7?w=1600&q=80&fm=jpg,category:Wine Gift Boxes|alcohol:Contains alcohol,,,brut-champagne,388,standard,12,true,,,,,20
Single Malt Whisky Gift Box,single-malt-whisky,A gift box with a single malt Scotch whisky of honeyed fruit and gentle oak. Enjoy neat or with a drop of water.,https://images.unsplash.com/photo-1657114024705-29f393c87fd0?w=1600&q=80&fm=jpg|https://images.unsplash.com/photo-1546540749-3229ce1f48da?w=1600&q=80&fm=jpg,category:Wine Gift Boxes|alcohol:Contains alcohol,,,single-malt-whisky,488,standard,12,true,,,,,20
Personalised name,personalised-name,"A name for a gift, charged per name. Added to the bag with the gift it belongs to; not listed in the shop.",,service:Personalised name,,,personalised-name,8,standard,0,false,,,,,20
